Domain,Status,Attractiveness,Demand,Length,Sectors,Created,Expires,Registrar
one.forsale,available,132,43%,3,"Business,General,Media,Technology",,,
brief.forsale,available,124,19%,5,"Business,Education,General,Law",,,
complete.forsale,available,120,21%,8,"Manufacturing,Retail,Technology",,,
wizard.forsale,available,118,42%,6,"Entertainment,Media,Technology",,,
equal.forsale,available,116,19%,5,"Education,General,Law",,,
flat.forsale,available,116,23%,4,"Construction,Real Estate",,,
tenth.forsale,available,116,7%,5,Mathematics,,,
tonic.forsale,available,114,22%,5,"Health and Fitness,Medicine,Science",,,
acute.forsale,available,112,9%,5,"Mathematics,Medicine,Science",,,
above.forsale,available,112,22%,5,Business,,,
zero.forsale,available,112,49%,4,Mathematics,,,
hotshot.forsale,available,112,14%,7,"Business,Entertainment,Sports",,,
abstract.forsale,available,108,29%,8,"Arts,Humanities,Science",,,
abiding.forsale,available,106,5%,7,"General,Religion",,,
active.forsale,available,104,27%,6,"Health and Fitness,Sports,Travel",,,
expert.forsale,available,104,26%,6,"Business,Education,Technology",,,
teen.forsale,available,104,14%,4,"Education,Entertainment,Healthcare",,,
extra.forsale,available,102,26%,5,"Fashion,Retail,Technology",,,
eight.forsale,available,102,23%,5,"General,Mathematics",,,
captive.forsale,available,102,14%,7,"Entertainment,Hospitality,Technology",,,
absent.forsale,available,102,8%,6,"Business,Education,Technology",,,
remove.forsale,available,100,13%,6,"Construction,Manufacturing,Technology",,,
abrupt.forsale,available,100,3%,6,"Medicine,Science",,,
third.forsale,available,100,15%,5,Mathematics,,,
whiz.forsale,available,100,12%,4,"Business,Education,Technology",,,
crack.forsale,available,100,20%,5,Sports,,,
sixth.forsale,available,100,8%,5,Mathematics,,,
adjunct.forsale,available,100,5%,7,Education,,,
eighth.forsale,available,100,6%,6,Mathematics,,,
ninth.forsale,available,100,9%,5,Mathematics,,,
whizz.forsale,available,98,11%,5,"Business,Education,Technology",,,
genius.forsale,available,98,46%,6,"Arts,Education,Technology",,,
doable.forsale,available,96,9%,6,"Business,Education,Technology",,,
academic.forsale,available,96,20%,8,"Education,Humanities,Science",,,
forgiving.forsale,available,96,3%,9,"Healthcare,Religion",,,
actual.forsale,available,96,22%,6,"Real Estate,Retail,Technology",,,
around.forsale,available,94,22%,6,"Business,General,Media,Technology",,,
virtuoso.forsale,available,94,16%,8,"Arts,Entertainment",,,
about.forsale,available,94,28%,5,"Business,General,Media,Technology",,,
abject.forsale,available,94,7%,6,Humanities,,,
adequate.forsale,available,94,9%,8,"Education,Healthcare,Technology",,,
adept.forsale,available,92,24%,5,"Education,Health and Fitness,Sports",,,
derelict.forsale,available,92,7%,8,"Construction,Real Estate",,,
twentieth.forsale,available,92,3%,9,Mathematics,,,
exemplary.forsale,available,92,5%,9,"Business,Education,Healthcare",,,
neutral.forsale,available,92,20%,7,"Business,Media,Politics",,,
nought.forsale,available,92,4%,6,Mathematics,,,
abroad.forsale,available,92,12%,6,"Hospitality,Travel",,,
adjective.forsale,available,92,5%,9,Education,,,
gripping.forsale,available,90,3%,8,"Entertainment,Media,Technology",,,
endearing.forsale,available,90,1%,9,"Entertainment,Fashion,Retail",,,
leash.forsale,available,90,7%,5,"General,Health and Fitness,Retail",,,
adoring.forsale,available,90,2%,7,"Entertainment,Fashion,Retail",,,
additional.forsale,available,90,8%,10,"Fashion,Retail,Technology",,,
addictive.forsale,available,90,9%,9,Healthcare,,,
abortive.forsale,available,90,1%,8,"Medicine,Science",,,
riveting.forsale,available,90,6%,8,"Entertainment,Media,Technology",,,
wide.forsale,available,88,18%,4,"Business,Media,Technology",,,
three.forsale,available,88,23%,5,Mathematics,,,
fifteen.forsale,available,88,13%,7,Mathematics,,,
twelve.forsale,available,88,18%,6,"General,Mathematics",,,
sixteen.forsale,available,88,10%,7,Mathematics,,,
adlib.forsale,available,88,7%,6,Entertainment,,,
activist.forsale,available,88,12%,8,"Humanities,Politics",,,
ten.forsale,available,88,27%,3,"General,Mathematics",,,
proficient.forsale,available,88,8%,10,"Education,Health and Fitness,Sports",,,
eleven.forsale,available,88,32%,6,Mathematics,,,
ace.forsale,available,88,34%,3,Sports,,,
hundred.forsale,available,88,13%,7,Mathematics,,,
actionable.forsale,available,88,13%,10,"Business,Law",,,
star.forsale,available,86,40%,4,"Entertainment,Media,Sports",,,
xiv.forsale,available,86,12%,3,Mathematics,,,
adolescent.forsale,available,86,3%,10,"Education,Entertainment,Healthcare",,,
attendant.forsale,available,86,5%,9,"Healthcare,Hospitality,Transportation",,,
intent.forsale,available,86,25%,6,"Business,Education,Technology",,,
engrossing.forsale,available,86,0%,10,"Entertainment,Media,Technology",,,
extempore.forsale,available,86,3%,9,Entertainment,,,
cipher.forsale,available,86,29%,6,Mathematics,,,
xix.forsale,available,86,10%,3,Mathematics,,,
recondite.forsale,available,86,4%,9,"Arts,Humanities,Science",,,
aboriginal.forsale,available,86,10%,10,Humanities,,,
accessory.forsale,available,84,8%,9,"Fashion,Retail,Technology",,,
twentyone.forsale,available,84,13%,10,Mathematics,,,
seventeen.forsale,available,84,7%,9,Mathematics,,,
acting.forsale,available,84,12%,6,Entertainment,,,
twentytwo.forsale,available,84,10%,10,Mathematics,,,
deviate.forsale,available,84,12%,7,"Medicine,Science",,,
sharp.forsale,available,84,34%,5,"Arts,Fashion",,,
fourteen.forsale,available,84,8%,8,Mathematics,,,
adjustable.forsale,available,84,3%,10,"Manufacturing,Retail,Technology",,,
thousand.forsale,available,84,8%,8,Mathematics,,,
grand.forsale,available,84,25%,5,"Finance,General",,,
nineteen.forsale,available,84,8%,8,Mathematics,,,
thirteen.forsale,available,84,10%,8,Mathematics,,,
cleansing.forsale,available,82,3%,9,Health and Fitness,,,
good.forsale,available,82,47%,4,"Food and Beverage,General,Health and Fitness,Retail",,,
abroach.forsale,available,82,1%,7,Food and Beverage,,,
fivesome.forsale,available,82,1%,8,Sports,,,
abkhaz.forsale,available,82,1%,6,Geography,,,
abenaki.forsale,available,82,2%,7,Geography,,,
altered.forsale,available,82,9%,7,"Medicine,Science",,,
dozen.forsale,available,82,10%,5,Mathematics,,,
decade.forsale,available,82,10%,6,Mathematics,,,
enduring.forsale,available,82,9%,8,"Health and Fitness,Religion",,,
impromptu.forsale,available,82,16%,9,Entertainment,,,
abdominal.forsale,available,82,1%,9,"Health and Fitness,Medicine",,,
absorbent.forsale,available,82,3%,9,"Healthcare,Manufacturing,Retail",,,
wiz.forsale,available,80,30%,3,"Business,Education,Technology",,,
worshipful.forsale,available,80,1%,10,"Education,Healthcare,Religion",,,
absurd.forsale,available,80,16%,6,"Arts,Entertainment,Media",,,
twenty.forsale,available,80,12%,6,Mathematics,,,
seventh.forsale,available,80,10%,7,Mathematics,,,
absorbable.forsale,available,80,0%,10,"Healthcare,Pharmaceuticals,Science",,,
sequent.forsale,available,80,7%,7,"Healthcare,Insurance,Transportation",,,
superstar.forsale,available,80,18%,9,Entertainment,,,
capable.forsale,available,80,12%,7,"Business,Education,Technology",,,
adoptable.forsale,available,80,3%,9,"Education,Healthcare",,,
first.forsale,available,80,34%,5,"General,Mathematics",,,
abundant.forsale,available,80,19%,8,"Agriculture,Manufacturing,Retail",,,
forty.forsale,available,80,9%,5,Mathematics,,,
nine.forsale,available,80,24%,4,"General,Mathematics",,,
two.forsale,available,80,23%,3,Mathematics,,,
trio.forsale,available,80,21%,4,Entertainment,,,
able.forsale,available,80,29%,4,"Business,Education,General,Technology",,,
some.forsale,available,80,32%,4,"Business,Media,Retail",,,
dorsal.forsale,available,80,6%,6,"Medicine,Science",,,
absolute.forsale,available,80,25%,8,"Engineering,Mathematics,Science",,,
recognized.forsale,available,78,3%,10,"Business,Education,Technology",,,
absorptive.forsale,available,78,1%,10,"Healthcare,Manufacturing,Retail",,,
adrenal.forsale,available,78,4%,7,"Education,Healthcare,Science",,,
abounding.forsale,available,78,2%,9,Agriculture,,,
accidental.forsale,available,78,11%,10,"Healthcare,Insurance,Transportation",,,
adjacent.forsale,available,78,9%,8,"Construction,Real Estate,Retail",,,
acceptant.forsale,available,78,1%,9,"Education,Healthcare",,,
adorable.forsale,available,78,8%,8,"Entertainment,Fashion,Retail",,,
accurate.forsale,available,78,16%,8,"Engineering,Mathematics,Science",,,
low.forsale,available,78,20%,3,"Business,Finance",,,
acceptable.forsale,available,78,5%,10,"Business,Hospitality,Retail",,,
accepted.forsale,available,78,6%,8,"Business,Education,Technology",,,
twentysix.forsale,available,78,8%,10,Mathematics,,,
abkhazian.forsale,available,78,1%,9,Geography,,,
accessible.forsale,available,78,21%,10,"Healthcare,Retail,Technology",,,
sixtynine.forsale,available,78,8%,10,Mathematics,,,
honestly.forsale,available,78,9%,8,"Business,Law",,,
recognised.forsale,available,78,3%,10,"Business,Education,Technology",,,
athletic.forsale,available,78,15%,8,"Health and Fitness,Sports",,,
dormant.forsale,available,78,4%,7,"Medicine,Science",,,
abkhasian.forsale,available,78,1%,9,Geography,,,
ancillary.forsale,available,76,6%,9,"Healthcare,Manufacturing,Technology",,,
incidental.forsale,available,76,4%,10,"Healthcare,Insurance,Transportation",,,
thirteenth.forsale,available,76,3%,10,Mathematics,,,
addable.forsale,available,76,2%,7,"Engineering,Mathematics,Science",,,
fourteenth.forsale,available,76,2%,10,Mathematics,,,
auxiliary.forsale,available,76,7%,9,"Healthcare,Manufacturing,Technology",,,
ventral.forsale,available,76,3%,7,Science,,,
threed.forsale,available,76,7%,7,Technology,,,
fifteenth.forsale,available,76,2%,9,Mathematics,,,
firstrate.forsale,available,76,6%,10,Business,,,
adaptive.forsale,available,76,28%,8,"Business,Education,Technology",,,
adherent.forsale,available,76,4%,8,"Politics,Religion",,,
acoustic.forsale,available,76,14%,8,Science,,,
ague.forsale,available,76,2%,4,"Geography,Medicine,Science",,,
resultant.forsale,available,76,2%,9,"Healthcare,Insurance,Transportation",,,
eighteen.forsale,available,76,7%,8,Mathematics,,,
adipose.forsale,available,76,2%,7,"Healthcare,Science",,,
hundredth.forsale,available,76,1%,9,Mathematics,,,
diamond.forsale,available,76,32%,7,Fashion,,,
energizing.forsale,available,76,3%,10,"Food and Beverage,Health and Fitness,Travel",,,
adaptable.forsale,available,76,9%,9,"Business,Education,Technology",,,
improvise.forsale,available,76,4%,9,Entertainment,,,
nineteenth.forsale,available,76,3%,10,Mathematics,,,
thousandth.forsale,available,76,1%,10,Mathematics,,,
adhesive.forsale,available,76,7%,8,"Construction,Manufacturing,Technology",,,
abrasive.forsale,available,76,6%,8,"Construction,Manufacturing",,,
obscene.forsale,available,76,5%,7,"Entertainment,Media",,,
acuate.forsale,available,74,2%,6,"Engineering,Medicine,Science",,,
broad.forsale,available,74,13%,5,"Entertainment,General,Media",,,
mavin.forsale,available,74,7%,5,"Entertainment,Fashion,Technology",,,
cleared.forsale,available,74,7%,7,"Healthcare,Law,Transportation",,,
playing.forsale,available,74,12%,7,Entertainment,,,
manageable.forsale,available,74,4%,10,"Business,Education,Technology",,,
abnormal.forsale,available,74,16%,8,"Medicine,Science",,,
skilful.forsale,available,74,3%,7,"Education,Health and Fitness,Sports",,,
admirable.forsale,available,74,5%,9,"Business,Education,Healthcare",,,
sensation.forsale,available,74,7%,9,"Entertainment,Media,Sports",,,
adrenergic.forsale,available,74,1%,10,"Education,Healthcare,Science",,,
single.forsale,available,74,19%,6,Sports,,,
adamant.forsale,available,74,14%,7,Religion,,,
achievable.forsale,available,74,4%,10,"Business,Education,Technology",,,
adenoid.forsale,available,74,1%,7,"Health and Fitness,Medicine,Science",,,
aberrant.forsale,available,74,6%,8,"Medicine,Science",,,
realizable.forsale,available,74,1%,10,"Business,Education,Technology",,,
supra.forsale,available,74,25%,5,"Medicine,Science",,,
adapted.forsale,available,74,6%,7,"Healthcare,Manufacturing,Technology",,,
accepting.forsale,available,74,3%,9,"Education,Healthcare",,,
activated.forsale,available,74,9%,9,"Healthcare,Manufacturing,Technology",,,
engrossed.forsale,available,72,1%,9,"Entertainment,Media,Technology",,,
liv.forsale,available,72,28%,3,Mathematics,,,
absorbed.forsale,available,72,2%,8,"Entertainment,Media,Technology",,,
seventieth.forsale,available,72,1%,10,Mathematics,,,
adjunctive.forsale,available,72,1%,10,"Healthcare,Manufacturing,Technology",,,
improvize.forsale,available,72,1%,9,Entertainment,,,
trey.forsale,available,72,13%,4,Sports,,,
addicted.forsale,available,72,9%,8,Healthcare,,,
deep.forsale,available,72,41%,4,"Engineering,Mathematics,Science",,,
lovely.forsale,available,72,26%,6,"Entertainment,Fashion,Retail",,,
accustomed.forsale,available,72,1%,10,"Business,Education,Humanities",,,
adjectival.forsale,available,72,1%,10,Education,,,
sixtieth.forsale,available,72,1%,8,Mathematics,,,
ablaze.forsale,available,72,6%,6,Entertainment,,,
adiabatic.forsale,available,72,3%,9,"Engineering,Science",,,
ternary.forsale,available,72,7%,7,Mathematics,,,
trinity.forsale,available,72,18%,7,Religion,,,
absolutist.forsale,available,72,1%,10,"Humanities,Law,Politics",,,
aching.forsale,available,72,4%,6,Healthcare,,,
ninetieth.forsale,available,72,1%,9,Mathematics,,,
adaptative.forsale,available,72,1%,10,"Business,Education,Technology",,,
champion.forsale,available,72,28%,8,"Entertainment,Health and Fitness,Sports",,,
accusative.forsale,available,72,0%,10,"Humanities,Law",,,
eightieth.forsale,available,72,1%,9,Mathematics,,,
adonic.forsale,available,72,2%,6,"Arts,Education,Entertainment",,,
existent.forsale,available,72,3%,8,"Mathematics,Science",,,
abreast.forsale,available,72,2%,7,"Business,Technology",,,
abloom.forsale,available,72,5%,6,Agriculture,,,
miserable.forsale,available,70,4%,9,Humanities,,,
acuminate.forsale,available,70,1%,9,"Engineering,Medicine,Science",,,
abradant.forsale,available,70,1%,8,"Construction,Manufacturing",,,
unity.forsale,available,70,38%,5,Mathematics,,,
recumbent.forsale,available,70,2%,9,"Healthcare,Medicine,Science",,,
tiptop.forsale,available,70,24%,6,Fashion,,,
offhand.forsale,available,70,2%,7,Entertainment,,,
admired.forsale,available,70,5%,7,"Business,Education,Healthcare",,,
consequent.forsale,available,70,3%,10,"Business,Education,General,Technology",,,
abulic.forsale,available,70,1%,6,Medicine,,,
adored.forsale,available,70,6%,6,"Entertainment,Fashion,Retail",,,
adjusted.forsale,available,70,5%,8,"Manufacturing,Retail,Technology",,,
accumbent.forsale,available,70,1%,9,"Healthcare,Medicine,Science",,,
practiced.forsale,available,70,3%,9,"Education,Health and Fitness,Sports",,,
skillful.forsale,available,70,9%,8,"Education,Health and Fitness,Sports",,,
lowdown.forsale,available,70,6%,8,"Entertainment,Media",,,
gymnastic.forsale,available,70,3%,9,"Entertainment,Sports",,,
adamantine.forsale,available,70,4%,10,Religion,,,
absorbing.forsale,available,70,3%,9,"Entertainment,Media,Technology",,,
stillborn.forsale,available,70,2%,9,"Medicine,Science",,,
ane.forsale,available,68,12%,3,Mathematics,,,
aculeate.forsale,available,68,1%,8,"Engineering,Medicine,Science",,,
sevener.forsale,available,68,1%,7,Mathematics,,,
abducent.forsale,available,68,0%,8,Medicine,,,
activating.forsale,available,68,3%,10,"Healthcare,Manufacturing,Technology",,,
septenary.forsale,available,68,2%,9,Mathematics,,,
disciple.forsale,available,68,14%,8,"Education,Religion",,,
abkhas.forsale,available,68,0%,6,Geography,,,
overseas.forsale,available,68,12%,8,"Hospitality,Travel",,,
licenced.forsale,available,68,2%,8,"Business,Healthcare,Insurance",,,
abnaki.forsale,available,68,1%,6,Geography,,,
scurvy.forsale,available,68,3%,6,Humanities,,,
ennead.forsale,available,68,5%,6,Mathematics,,,
ablative.forsale,available,68,3%,8,Science,,,
licensed.forsale,available,68,5%,8,"Business,Healthcare,Insurance",,,
aroused.forsale,available,68,3%,7,"Entertainment,Health and Fitness",,,
decorated.forsale,available,68,3%,9,"Entertainment,Fashion,Retail",,,
fortieth.forsale,available,68,1%,8,Mathematics,,,
thirtieth.forsale,available,68,1%,9,Mathematics,,,
accredited.forsale,available,68,9%,10,"Business,Education,Healthcare",,,
octonary.forsale,available,68,1%,8,Mathematics,,,
threesome.forsale,available,68,5%,9,Entertainment,,,
stygian.forsale,available,68,5%,7,Humanities,,,
achaean.forsale,available,68,2%,7,Humanities,,,
foursome.forsale,available,68,4%,8,Sports,,,
vindicated.forsale,available,68,2%,10,"Humanities,Law,Politics",,,
achaian.forsale,available,68,2%,7,Humanities,,,
acerate.forsale,available,68,1%,7,Science,,,
aberdonian.forsale,available,68,1%,10,Geography,,,
fiftieth.forsale,available,68,1%,8,Mathematics,,,
sextet.forsale,available,66,2%,6,Entertainment,,,
acervate.forsale,available,66,1%,8,Science,,,
five.forsale,available,66,26%,4,Mathematics,,,
ninety.forsale,available,66,11%,6,Mathematics,,,
abstinent.forsale,available,66,1%,9,"Health and Fitness,Religion",,,
buzzing.forsale,available,66,7%,7,"Entertainment,Media,Technology",,,
fifty.forsale,available,66,13%,5,Mathematics,,,
eighty.forsale,available,66,6%,6,Mathematics,,,
maven.forsale,available,66,30%,5,"Entertainment,Fashion,Technology",,,
xii.forsale,available,66,10%,3,Mathematics,,,
xxvi.forsale,available,66,3%,4,Mathematics,,,
acrobatic.forsale,available,66,4%,9,"Entertainment,Sports",,,
century.forsale,available,66,17%,7,Education,,,
acappella.forsale,available,66,6%,10,Entertainment,,,
deuce.forsale,available,66,8%,5,Sports,,,
exonerated.forsale,available,66,2%,10,"Humanities,Law,Politics",,,
six.forsale,available,66,26%,3,Mathematics,,,
accessary.forsale,available,66,1%,9,"Business,Law,Technology",,,
xvi.forsale,available,66,4%,3,Mathematics,,,
according.forsale,available,66,3%,9,"Business,Education,Technology",,,
xxv.forsale,available,66,6%,3,Mathematics,,,
adorned.forsale,available,66,5%,7,"Entertainment,Fashion,Retail",,,
thirty.forsale,available,66,7%,6,Mathematics,,,
performing.forsale,available,66,6%,10,Entertainment,,,
teenager.forsale,available,66,4%,8,"Education,Entertainment,Healthcare",,,
latest.forsale,available,66,18%,6,Technology,,,
onec.forsale,available,66,6%,5,Mathematics,,,
xxi.forsale,available,66,10%,3,Mathematics,,,
adopted.forsale,available,66,4%,7,"Education,Healthcare",,,
xvii.forsale,available,66,5%,4,Mathematics,,,
xiii.forsale,available,66,9%,4,Mathematics,,,
xviii.forsale,available,66,4%,5,Mathematics,,,
tenner.forsale,available,66,4%,6,Finance,,,
four.forsale,available,66,27%,4,Mathematics,,,
xxii.forsale,available,66,6%,4,Mathematics,,,
clv.forsale,available,66,10%,3,Mathematics,,,
modish.forsale,available,66,5%,6,Fashion,,,
astringent.forsale,available,64,1%,10,"Healthcare,Pharmaceuticals",,,
absolved.forsale,available,64,1%,8,"Humanities,Law,Religion",,,
scatty.forsale,available,64,1%,6,"Arts,Entertainment,Media",,,
nondrinker.forsale,available,64,1%,10,"Health and Fitness,Religion",,,
rising.forsale,available,64,18%,6,"Construction,Manufacturing,Real Estate",,,
deviant.forsale,available,64,12%,7,"Medicine,Science",,,
accordant.forsale,available,64,3%,9,"Arts,Entertainment",,,
acentric.forsale,available,64,2%,8,Science,,,
ccc.forsale,available,64,38%,3,Mathematics,,,
adagio.forsale,available,64,14%,6,Entertainment,,,
aflame.forsale,available,64,3%,6,Entertainment,,,
abo.forsale,available,62,15%,3,Science,,,
activation.forsale,available,62,16%,10,"Healthcare,Manufacturing,Technology",,,
orso.forsale,available,62,9%,5,"Business,Media,Technology",,,
fortyfour.forsale,available,62,6%,10,Mathematics,,,
acidic.forsale,available,62,5%,6,"Food and Beverage,Science",,,
adoptive.forsale,available,62,1%,8,"Education,Healthcare",,,
adjuvant.forsale,available,62,5%,8,"Healthcare,Manufacturing,Technology",,,
eleventh.forsale,available,62,5%,8,Mathematics,,,
troika.forsale,available,62,8%,6,Politics,,,
quartet.forsale,available,62,7%,7,"Arts,Entertainment",,,
pungent.forsale,available,62,1%,7,Food and Beverage,,,
aufait.forsale,available,62,3%,7,"Fashion,Media",,,
admissible.forsale,available,62,1%,10,"Education,Healthcare,Law",,,
aborigine.forsale,available,62,1%,9,Humanities,,,
twodozen.forsale,available,62,1%,9,Mathematics,,,
wrapped.forsale,available,62,13%,7,"Fashion,Hospitality,Retail",,,
roughly.forsale,available,62,3%,7,"Business,Media,Technology",,,
chiliad.forsale,available,62,2%,7,Mathematics,,,
cumulative.forsale,available,62,2%,10,"Banking,Finance,Insurance",,,
ensuant.forsale,available,62,1%,7,"Healthcare,Insurance,Transportation",,,
eighteenth.forsale,available,62,1%,10,Mathematics,,,
nail.forsale,available,62,16%,4,"Construction,Fashion,General,Retail",,,
longdozen.forsale,available,62,1%,10,Mathematics,,,
accrued.forsale,available,62,2%,7,"Banking,Finance,Insurance",,,
activistic.forsale,available,62,1%,10,"Humanities,Politics",,,
exculpated.forsale,available,62,1%,10,"Humanities,Law,Politics",,,
sixteenth.forsale,available,62,1%,9,Mathematics,,,
playacting.forsale,available,62,1%,10,Entertainment,,,
accusing.forsale,available,62,1%,8,Law,,,
acceptive.forsale,available,60,1%,9,"Education,Healthcare",,,
abstemious.forsale,available,60,0%,10,"Food and Beverage,Health and Fitness,Hospitality",,,
cxxx.forsale,available,60,3%,4,Mathematics,,,
eightysix.forsale,available,60,7%,10,Mathematics,,,
clx.forsale,available,60,8%,3,Mathematics,,,
cautionary.forsale,available,60,1%,10,"Business,Education,Healthcare",,,
adnate.forsale,available,60,1%,6,"Agriculture,Manufacturing,Retail",,,
cxxv.forsale,available,60,1%,4,Mathematics,,,
aboveboard.forsale,available,60,5%,10,"Business,Law",,,
thou.forsale,available,60,7%,4,Mathematics,,,
annexal.forsale,available,60,1%,7,"Agriculture,Manufacturing,Retail",,,
octet.forsale,available,60,12%,5,Arts,,,
clxxx.forsale,available,60,1%,5,Mathematics,,,
clxv.forsale,available,60,1%,4,Mathematics,,,
xcl.forsale,available,60,5%,3,Mathematics,,,
paunchy.forsale,available,60,0%,7,"Health and Fitness,Medicine",,,
adnexal.forsale,available,60,1%,7,"Agriculture,Manufacturing,Retail",,,
cxx.forsale,available,60,9%,3,Mathematics,,,
clxxv.forsale,available,60,1%,5,Mathematics,,,
abashed.forsale,available,60,1%,7,Humanities,,,
idolised.forsale,available,60,1%,8,"Entertainment,Fashion,Retail",,,
cxv.forsale,available,60,4%,3,Mathematics,,,
clxx.forsale,available,60,2%,4,Mathematics,,,
cxl.forsale,available,60,7%,3,Mathematics,,,
cxlv.forsale,available,60,2%,4,Mathematics,,,
sixty.forsale,available,60,13%,5,Mathematics,,,
tertiary.forsale,available,60,4%,8,Education,,,
idolized.forsale,available,60,3%,8,"Entertainment,Fashion,Retail",,,
abstainer.forsale,available,60,0%,9,"Health and Fitness,Religion",,,
cxxxv.forsale,available,60,1%,5,Mathematics,,,
tercet.forsale,available,59,2%,6,"Arts,Entertainment,Media",,,
heptad.forsale,available,58,2%,6,Mathematics,,,
lxxviii.forsale,available,58,1%,7,Mathematics,,,
abridged.forsale,available,58,4%,8,Media,,,
alacarte.forsale,available,58,11%,10,Food and Beverage,,,
acetic.forsale,available,58,1%,6,"Food and Beverage,Science",,,
pentad.forsale,available,58,3%,6,Mathematics,,,
cypher.forsale,available,58,28%,6,Mathematics,,,
sixtyone.forsale,available,58,5%,9,Mathematics,,,
tetrad.forsale,available,58,5%,6,Mathematics,,,
justabout.forsale,available,58,3%,10,"Business,Media,Technology",,,
octad.forsale,available,58,5%,5,Mathematics,,,
accented.forsale,available,58,3%,8,"Arts,Entertainment",,,
fifth.forsale,available,58,12%,5,Mathematics,,,
abandoned.forsale,available,58,10%,9,"Construction,Real Estate",,,
lxxx.forsale,available,58,2%,4,Mathematics,,,
abused.forsale,available,58,5%,6,"Healthcare,Law",,,
acyclic.forsale,available,58,4%,7,"Engineering,Mathematics,Science",,,
adient.forsale,available,58,4%,6,"Medicine,Science",,,
linear.forsale,available,58,22%,6,"Engineering,Mathematics,Science",,,
enwrapped.forsale,available,58,0%,9,"Entertainment,Fashion,Media",,,
addible.forsale,available,58,2%,7,"Engineering,Mathematics,Science",,,
adhoc.forsale,available,58,24%,6,"Business,Engineering,Technology",,,
adjustive.forsale,available,58,1%,9,"Manufacturing,Retail,Technology",,,
super.forsale,available,58,47%,5,Business,,,
eighter.forsale,available,58,2%,7,Mathematics,,,
centesimal.forsale,available,58,1%,10,Mathematics,,,
ache.forsale,available,58,7%,4,Healthcare,,,
offhanded.forsale,available,58,1%,9,Entertainment,,,
accretive.forsale,available,58,6%,9,"Banking,Finance,Insurance",,,
quintet.forsale,available,58,8%,7,"Arts,Entertainment",,,
seventy.forsale,available,58,7%,7,Mathematics,,,
accoutred.forsale,available,58,1%,9,"Fashion,Manufacturing,Retail",,,
abuzz.forsale,available,58,5%,5,"Entertainment,Media,Technology",,,
actuarial.forsale,available,58,8%,9,"Finance,Insurance,Mathematics",,,
aucourant.forsale,available,58,3%,10,"Fashion,Media",,,
fourth.forsale,available,58,13%,6,Mathematics,,,
niner.forsale,available,58,5%,5,Mathematics,,,
twelfth.forsale,available,58,2%,7,Mathematics,,,
fourscore.forsale,available,58,4%,9,Mathematics,,,
sextuplet.forsale,available,58,1%,9,Healthcare,,,
addressed.forsale,available,58,3%,9,"Business,Technology,Telecommunications",,,
sixer.forsale,available,58,5%,5,Sports,,,
closeto.forsale,available,58,3%,8,"Business,Media,Technology",,,
hexad.forsale,available,58,5%,5,Mathematics,,,
seven.forsale,available,58,35%,5,Mathematics,,,
fiftyfour.forsale,available,56,4%,10,Mathematics,,,
xxiv.forsale,available,56,5%,4,Mathematics,,,
xlviii.forsale,available,56,1%,6,Mathematics,,,
admittible.forsale,available,56,1%,10,"Education,Healthcare,Hospitality",,,
fiftynine.forsale,available,56,4%,10,Mathematics,,,
potbellied.forsale,available,56,0%,10,"Health and Fitness,Medicine",,,
fiftyfive.forsale,available,56,8%,10,Mathematics,,,
xxvii.forsale,available,56,3%,5,Mathematics,,,
terzetto.forsale,available,56,3%,8,Arts,,,
xlvii.forsale,available,56,2%,5,Mathematics,,,
thirtytwo.forsale,available,56,4%,10,Mathematics,,,
addled.forsale,available,56,2%,6,Entertainment,,,
xxxii.forsale,available,56,1%,5,Mathematics,,,
xliv.forsale,available,56,3%,4,Mathematics,,,
ilx.forsale,available,56,6%,3,Mathematics,,,
xlvi.forsale,available,56,3%,4,Mathematics,,,
fortynine.forsale,available,56,3%,10,Mathematics,,,
abeyant.forsale,available,56,1%,7,"Business,Law",,,
fortyone.forsale,available,56,5%,9,Mathematics,,,
xxxvi.forsale,available,56,1%,5,Mathematics,,,
lvi.forsale,available,56,8%,3,Mathematics,,,
xxxiii.forsale,available,56,2%,6,Mathematics,,,
fiftysix.forsale,available,56,4%,9,Mathematics,,,
aone.forsale,available,56,15%,5,Food and Beverage,,,
fiftytwo.forsale,available,56,6%,9,Mathematics,,,
xlv.forsale,available,56,6%,3,Mathematics,,,
xli.forsale,available,56,5%,3,Mathematics,,,
xxxviii.forsale,available,56,1%,7,Mathematics,,,
xxxv.forsale,available,56,4%,4,Mathematics,,,
maledict.forsale,available,56,1%,8,Religion,,,
xxxi.forsale,available,56,8%,4,Mathematics,,,
lii.forsale,available,56,7%,3,Mathematics,,,
xlii.forsale,available,56,5%,4,Mathematics,,,
triad.forsale,available,56,15%,5,Arts,,,
xxviii.forsale,available,56,1%,6,Mathematics,,,
admittable.forsale,available,56,1%,10,"Education,Healthcare,Hospitality",,,
lvii.forsale,available,56,2%,4,Mathematics,,,
xliii.forsale,available,56,1%,5,Mathematics,,,
thirtysix.forsale,available,56,5%,10,Mathematics,,,
xxxiv.forsale,available,56,1%,5,Mathematics,,,
fortytwo.forsale,available,56,17%,9,Mathematics,,,
xxix.forsale,available,56,4%,4,Mathematics,,,
fiftyone.forsale,available,56,8%,9,Mathematics,,,
accoutered.forsale,available,56,0%,10,"Fashion,Manufacturing,Retail",,,
lviii.forsale,available,56,1%,5,Mathematics,,,
xxiii.forsale,available,56,4%,5,Mathematics,,,
xxxvii.forsale,available,56,2%,6,Mathematics,,,
halfdozen.forsale,available,56,1%,10,Mathematics,,,
appressed.forsale,available,56,0%,9,"Agriculture,Manufacturing,Retail",,,
liii.forsale,available,56,4%,4,Mathematics,,,
thirtyone.forsale,available,56,4%,10,Mathematics,,,
fortysix.forsale,available,56,4%,9,Mathematics,,,
admissive.forsale,available,56,1%,9,"Education,Healthcare,Hospitality",,,
abdominous.forsale,available,56,0%,10,"Health and Fitness,Medicine",,,
adjuratory.forsale,available,54,0%,10,"Law,Politics,Religion",,,
scratchy.forsale,available,54,3%,8,Fashion,,,
actuated.forsale,available,54,2%,8,"Automotive,Manufacturing,Technology",,,
abducens.forsale,available,54,1%,8,Medicine,,,
adductive.forsale,available,54,0%,9,"Engineering,Mathematics,Science",,,
sise.forsale,available,54,5%,4,Mathematics,,,
adaxial.forsale,available,54,2%,7,Science,,,
quintuplet.forsale,available,54,1%,10,"Healthcare,Medicine,Science",,,
unnatural.forsale,available,54,4%,9,"Medicine,Science",,,
abatable.forsale,available,54,1%,8,Law,,,
monitory.forsale,available,54,3%,8,"Business,Education,Healthcare",,,
deuceace.forsale,available,54,1%,9,Sports,,,
acoustical.forsale,available,54,4%,10,Science,,,
achy.forsale,available,54,3%,4,Healthcare,,,
deserted.forsale,available,54,3%,8,"Hospitality,Real Estate",,,
viii.forsale,available,54,6%,4,Mathematics,,,
quaternion.forsale,available,54,6%,10,Mathematics,,,
adducting.forsale,available,54,1%,9,"Engineering,Mathematics,Science",,,
topnotch.forsale,available,54,18%,8,Business,,,
abaxial.forsale,available,54,1%,7,Science,,,
abient.forsale,available,54,1%,6,Science,,,
threescore.forsale,available,54,2%,10,Mathematics,,,
accentual.forsale,available,54,3%,9,"Arts,Entertainment",,,
abhorrent.forsale,available,54,1%,9,Humanities,,,
fortyfive.forsale,available,54,5%,10,Mathematics,,,
vii.forsale,available,54,13%,3,Mathematics,,,
admonitory.forsale,available,54,0%,10,"Business,Education,Healthcare",,,
quatern.forsale,available,54,2%,7,Mathematics,,,
quadruplet.forsale,available,54,1%,10,"Healthcare,Medicine,Science",,,
ternion.forsale,available,54,3%,7,Mathematics,,,
abatic.forsale,available,54,1%,6,Science,,,
achromatic.forsale,available,54,4%,10,Science,,,
accursed.forsale,available,54,3%,8,"Entertainment,Media,Religion",,,
aboral.forsale,available,54,2%,6,Science,,,
abasic.forsale,available,54,1%,6,Science,,,
twoscore.forsale,available,54,2%,8,Mathematics,,,
quaternity.forsale,available,54,4%,10,Mathematics,,,
iii.forsale,available,54,24%,3,Mathematics,,,
adpressed.forsale,available,54,0%,9,"Agriculture,Manufacturing,Retail",,,
fin.forsale,available,54,30%,3,Finance,,,
adducent.forsale,available,54,1%,8,"Engineering,Mathematics,Science",,,
xxx.forsale,available,53,30%,3,"Arts,Entertainment,Media",,,
septet.forsale,available,53,1%,6,General,,,
sestet.forsale,available,53,1%,6,Arts,,,
lxxv.forsale,available,52,2%,4,Mathematics,,,
decumbent.forsale,available,52,1%,9,"Healthcare,Medicine,Science",,,
xcviii.forsale,available,52,1%,6,Mathematics,,,
abominable.forsale,available,52,2%,10,"Entertainment,Humanities",,,
lxxvii.forsale,available,52,2%,6,Mathematics,,,
xci.forsale,available,52,4%,3,Mathematics,,,
lxxi.forsale,available,52,2%,4,Mathematics,,,
repugnant.forsale,available,52,1%,9,Humanities,,,
lxxxiii.forsale,available,52,1%,7,Mathematics,,,
repulsive.forsale,available,52,1%,9,Humanities,,,
lxi.forsale,available,52,5%,3,Mathematics,,,
lxvii.forsale,available,52,1%,5,Mathematics,,,
abusive.forsale,available,52,3%,7,"Healthcare,Law",,,
lxii.forsale,available,52,2%,4,Mathematics,,,
sixtyfive.forsale,available,52,3%,10,Mathematics,,,
ablated.forsale,available,52,1%,7,Science,,,
tierce.forsale,available,52,3%,6,General,,,
xcv.forsale,available,52,7%,3,Mathematics,,,
lxvi.forsale,available,52,3%,4,Mathematics,,,
lxxxi.forsale,available,52,1%,5,Mathematics,,,
uphill.forsale,available,52,7%,6,"Sports,Transportation,Travel",,,
ninetytwo.forsale,available,52,4%,10,Mathematics,,,
lxxii.forsale,available,52,1%,5,Mathematics,,,
abstruse.forsale,available,52,5%,8,"Humanities,Mathematics,Science",,,
lxxiii.forsale,available,52,2%,6,Mathematics,,,
abysmal.forsale,available,52,4%,7,"Arts,Entertainment,Media",,,
lxxxii.forsale,available,52,1%,6,Mathematics,,,
lxxxvii.forsale,available,52,1%,7,Mathematics,,,
lxv.forsale,available,52,5%,3,Mathematics,,,
sixtyfour.forsale,available,52,4%,10,Mathematics,,,
xciii.forsale,available,52,1%,5,Mathematics,,,
ninetyone.forsale,available,52,5%,10,Mathematics,,,
sixtysix.forsale,available,52,5%,9,Mathematics,,,
lxxiv.forsale,available,52,1%,5,Mathematics,,,
chagrined.forsale,available,52,1%,9,Humanities,,,
aboulic.forsale,available,52,1%,7,Medicine,,,
lxxxiv.forsale,available,52,1%,6,Mathematics,,,
eightytwo.forsale,available,52,4%,10,Mathematics,,,
detestable.forsale,available,52,1%,10,Humanities,,,
sixtytwo.forsale,available,52,3%,9,Mathematics,,,
lxiii.forsale,available,52,2%,5,Mathematics,,,
lxviii.forsale,available,52,2%,6,Mathematics,,,
eightyone.forsale,available,52,3%,10,Mathematics,,,
ixc.forsale,available,52,5%,3,Mathematics,,,
littlejoe.forsale,available,52,2%,10,"Entertainment,Media",,,
odious.forsale,available,52,2%,6,"Entertainment,Humanities",,,
xcii.forsale,available,52,2%,4,Mathematics,,,
adenoidal.forsale,available,52,1%,9,"Health and Fitness,Medicine,Science",,,
xcvii.forsale,available,52,1%,5,Mathematics,,,
xcvi.forsale,available,52,2%,4,Mathematics,,,
xciv.forsale,available,52,2%,4,Mathematics,,,
lxxvi.forsale,available,52,1%,5,Mathematics,,,
ninetysix.forsale,available,52,4%,10,Mathematics,,,
lxiv.forsale,available,52,3%,4,Mathematics,,,
lxxxv.forsale,available,52,1%,5,Mathematics,,,
lxxxvi.forsale,available,52,1%,6,Mathematics,,,
ixl.forsale,available,52,9%,3,Mathematics,,,
quint.forsale,available,50,13%,5,"Arts,Entertainment",,,
aborticide.forsale,available,50,0%,10,Medicine,,,
acapnotic.forsale,available,50,0%,9,"Healthcare,Medicine,Science",,,
gillless.forsale,available,50,0%,9,Science,,,
abomasal.forsale,available,50,0%,8,Agriculture,,,
spinous.forsale,available,50,1%,7,"Agriculture,Science",,,
acapnic.forsale,available,50,0%,7,"Healthcare,Medicine,Science",,,
acerbic.forsale,available,50,2%,7,"Arts,Humanities,Media",,,
cinque.forsale,available,50,7%,6,Mathematics,,,
acellular.forsale,available,50,1%,9,Science,,,
scummy.forsale,available,50,1%,6,Humanities,,,
acaudal.forsale,available,50,1%,7,"Agriculture,Science",,,
abducting.forsale,available,50,0%,9,Medicine,,,
abranchial.forsale,available,50,0%,10,Science,,,
lxx.forsale,available,50,5%,3,Mathematics,,,
acetose.forsale,available,50,1%,7,Science,,,
ogdoad.forsale,available,50,1%,6,Mathematics,,,
abbatial.forsale,available,50,0%,8,Religion,,,
aculeated.forsale,available,50,0%,9,"Engineering,Medicine,Science",,,
triplet.forsale,available,50,8%,7,Science,,,
broached.forsale,available,50,0%,8,Food and Beverage,,,
acerose.forsale,available,50,1%,7,Science,,,
acquitted.forsale,available,50,1%,9,Law,,,
acerb.forsale,available,50,2%,5,Science,,,
adactylous.forsale,available,50,0%,10,Science,,,
abdicable.forsale,available,50,0%,9,Law,,,
trine.forsale,available,50,11%,5,"General,Religion",,,
needlelike.forsale,available,50,0%,10,"Engineering,Medicine,Science",,,
vinegary.forsale,available,50,1%,8,Food and Beverage,,,
adhominem.forsale,available,50,2%,10,"Humanities,Law,Politics",,,
acetous.forsale,available,50,1%,7,Science,,,
abactinal.forsale,available,50,0%,9,Science,,,
lxxxviii.forsale,available,48,1%,8,Mathematics,,,
abstracted.forsale,available,48,5%,10,"Arts,Humanities,Science",,,
ilxxx.forsale,available,48,1%,5,Mathematics,,,
notguilty.forsale,available,48,5%,10,Law,,,
ilxx.forsale,available,48,1%,4,Mathematics,,,
execrable.forsale,available,48,0%,9,"Entertainment,Humanities",,,
apriori.forsale,available,48,13%,8,Mathematics,,,
abyssal.forsale,available,48,12%,7,"Arts,Entertainment,Media",,,
stemless.forsale,available,46,2%,8,"Agriculture,Science",,,
acetylic.forsale,available,46,1%,8,Science,,,
acapnial.forsale,available,46,0%,8,"Healthcare,Medicine,Science",,,
acetonic.forsale,available,46,1%,8,Science,,,
acephalous.forsale,available,46,1%,10,Science,,,
acicular.forsale,available,46,2%,8,Science,,,
acheronian.forsale,available,46,1%,10,Humanities,,,
acanthoid.forsale,available,46,1%,9,"Agriculture,Science",,,
achenial.forsale,available,46,1%,8,Science,,,
achromous.forsale,available,46,1%,9,Science,,,
quaternary.forsale,available,46,3%,10,Mathematics,,,
acetabular.forsale,available,46,1%,10,Science,,,
cotyloid.forsale,available,46,1%,8,Science,,,
acanthotic.forsale,available,46,0%,10,"Agriculture,Science",,,
stripling.forsale,available,46,2%,9,"Education,Entertainment,Healthcare",,,
acetylenic.forsale,available,46,1%,10,Science,,,
theabsurd.forsale,available,46,1%,10,"Arts,Entertainment,Media",,,
acanthous.forsale,available,46,0%,9,"Agriculture,Science",,,
acarpous.forsale,available,46,0%,8,"Agriculture,Science",,,
vinegarish.forsale,available,46,1%,10,Food and Beverage,,,
acaudate.forsale,available,46,1%,8,"Agriculture,Science",,,
acarpelous.forsale,available,46,0%,10,"Agriculture,Science",,,
achromic.forsale,available,46,2%,8,Science,,,
accusatory.forsale,available,44,1%,10,Law,,,
cotyloidal.forsale,available,44,1%,10,Science,,,
acherontic.forsale,available,44,1%,10,Humanities,,,
abscessed.forsale,available,41,0%,9,Healthcare,,,
phoebe.forsale,available,41,14%,6,Science,,,
accusive.forsale,available,40,1%,8,Law,,,
accurst.forsale,available,40,1%,7,Religion,,,
scurrilous.forsale,available,40,1%,10,"Entertainment,Media,Politics",,,